Название,Цена
Диван прямой Филс-Мини 120 Velvet Terra,5315
Кресло Кастел Velvet Olive,2932
Кресло Орхет Velvet Marsala,3299
Пуф Дзен Лес,1465
Диван прямой Массе-М Мини Velvet Navy Blue,9165
Диван прямой Спейс Velvet Olive,18698
Кресло Нелви Cozy Terra,4949
Диван прямой Мелоу Velvet Beige,10082
Пуф Кропс Bucle Lilac,1832
Диван прямой Клаймар Velvet Terra,11549
Кресло Тут Рядом Мечта Сине-бежевое,3665
Диван прямой Аронт Мини Velvet Pink,10632
Диван прямой Лонди Cozy Ecru,10082
Пуф Дзен-1 Диалог,2015
Диван угловой Нордика мини Velvet Olive,10999
Кресло Пайл Textile Ginger,5132
Диван прямой Льери Мини Velvet Yellow,17873
Кресло Кенсол Velvet Blue,3665
Диван модульный Маиль-3 Textile Latte,47843
Кресло Грейн Textile Olive,2382
Диван угловой Онте Bucle Silver,30248
Кресло Витио Velvet Yellow,4215
Диван прямой Эби Velvet Coral,18423
Пуф Корк Velvet Moss,1465
Кресло Бринт Soft Terra,3299
Диван модульный Риббл-1 Bucle Mint,21720
Кресло Пайпел-2 Bucle Forest,7882
Диван прямой Виена Velvet Smoke,17873
Диван прямой Види Textile Navy Blue,4582
Диван угловой Аллаум Linia Stone,10449
Кресло Ансил Bucle Milk,5865
Диван угловой Аронт Мини Velvet Olive,10999
Диван модульный Brera-8 Bucle Beige,45093
Диван угловой Клаймар Velvet Stone,18423
Диван прямой Сваут Velvet Mustard,18973
Диван прямой Инес Vertical Blue,8799
Диван прямой Лави Velvet Moss,7332
Диван угловой Эдвин Velvet Terra,21998
Диван угловой Дарол Velvet Silver,19248
Диван прямой Терм Velvet Beige,19248
Диван прямой Лилле Velvet Atlantic,8799
Кресло Кото Cozy Beige,6049
Диван прямой Бонент Velvet Eclipse,23098
Диван прямой Нумо-Мини 120 Textile Light,4949
Пуф Кофи Velvet Light,842
Диван угловой Нордика мини Velvet Coral,10999
Диван угловой Стаус Velvet Olive,7149
Кресло Винси Textile Ginger,4032
